ФИО судьи,Должность,"Декрет  (номер, дата)",какой суд,причина
Абрамович Мария Марьяновна,судья,14.11.2017  № 406,суд Молодечненского района,выход в отставку
Бардович Игорь Михайлович,судья и председатель суда,14.11.2017  № 406,суд Борисовского района,выход в отставку
Глюза Анатолий Валентинович,судья,14.11.2017  № 406,суд Житковичского района,выход в отставку
Гучка Владимир Иосифович,судья,14.11.2017  № 406,Минский областной суд,выход в отставку
Дудченкова Ирина Николаевна,судья,14.11.2017  № 406,Суд Быховского района,выход в отставку
Качанова Антонина Васильевна,судья,14.11.2017  № 406,Суд Кричевского района,выход в отставку
Коннова Жанна Львовна,судья,14.11.2017  № 406,экономический суд Могилёвской  области,выход в отставку
Красногирь Наталья Спартаковна,судья,14.11.2017  № 406,экономический суд г. Минска,выход в отставку
Черепухо Наталья Ивановна,судья,14.11.2017  № 406,суд Бобруйского района и г. Бобруйска,по собственному желанию
Шейна Юлия Викторовна,судья,14.11.2017  № 406,суд Октябрьского района г. Гродно,истечение срока полномочий
Гудыно Дмитрий Юрьевич,судья и председатель суда и судья,31.08.2015  №377,Суд Быховского района,по собственному желанию
Гуринович Ирина Александровна,судья,31.08.2015  №377,суд Климовичского района,выход в отставку
Комеля Геннадий Аркадьевич,судья,31.08.2015  №377,Минский областной суд,выход в отставку
Мошарский Олег Александрович,судья,31.08.2015  №377,Витебский областной суд,выход в отставку
Прокопович Ольга Ивановна,заместитель председателя суда,31.08.2015  №377,Суд Солигорского района,по собственному желанию
Сучок Александр Михайлович,судья,31.08.2015  №377,Суд Браславского района,по собственному желанию
Воловик Зинаида Никоноровна,судья,22.12.2015  №510,Минский городской суд,выход в отставку
Иванова Ольга Анатольевна,судья,22.12.2015  №510,Суд Октябрьского района г. Витебска,по собственному желанию
Кольцов Андрей Леонидович,судья,22.12.2015  №510,Экономический суд Минской области,выход в отставку
Коровина Наталья Владимировна,судья,22.12.2015  №510,Суд Фрунзенского района г. Минска,истечение срока полномочий
Костюкевич Валерий Евгеньевич,судья и председатель суда и судья,22.12.2015  №510,Экономический суд Гродненской области,выход в отставку
Мазовка Анжелика Михайловна,судья,22.12.2015  №510,суд Советского района г. Минска,истечение срока полномочий
Павлюченко Дмитрий иванович,судья,22.12.2015  №510,суд Советского района г. Минска,истечение срока полномочий
Ревинская Татьяна Владимировна,судья,22.12.2015  №510,Минский городской суд,выход в отставку
Скоблик Наталия Васильевна,судья,22.12.2015  №510,Экономический суд Гомельской области,выход в отставку
Хома Ольга Васильевна,судья,22.12.2015  №510,Суд Крупского района,выход в отставку
Янович Зинаида Николаевна,судья,22.12.2015  №510,Экономический суд Минской области,выход в отставку
Баженова Валентина Викторовна,судья,7.05. 2015  № 196,Верховный суд ,выход в отставку
Близнева Людмила Васильевна,заместитель председателя суда,7.05. 2015  № 196,Суд Полоцкого района и г. Полоцка,истечение срока полномочий
Борисовец Людмила Викторовна,судья,7.05. 2015  № 196,Суд Слуцкого района,выход в отставку
Босько Ирина Вацлавовна,судья,7.05. 2015  № 196,Суд Октябрьского района г. Минска,выход в отставку
Васьковский Сергей Альбертович,судья,7.05. 2015  № 196,Экономический суд Минской области,по собственному желанию
Гурко Леонид Николаевич,судья,7.05. 2015  № 196,Витебский областной суд,выход в отставку
Дегтерева Валентина Николаевна,судья,7.05. 2015  № 196,Суд Дубровенского района ,выход в отставку
Литвинович Сергей Георгиевич,судья,7.05. 2015  № 196,Суд Молодечненского района ,по собственному желанию
Масальская Татьяна Владимировна,судья,7.05. 2015  № 196,Суд Первомайского района г. Минска,истечение срока полномочий
Новик Николай Николаевич,судья,7.05. 2015  № 196,Суд Столбцовского района ,истечение срока полномочий
Прокопович София Васильевна,судья,7.05. 2015  № 196,Суд Октябрьского района г. Минска ,выход в отставку
Семенюк Николай Сергеевич,судья,7.05. 2015  № 196,суд Бобруйского района и г. Бобруйска,выход в отставку
Семуков Михаил Андреевич,судья,7.05. 2015  № 196,Верховный суд ,выход в отставку
Стаховец Федор Владимирович,судья,7.05. 2015  № 196,Суд Столинского района ,выход в отставку
Терехова Елена Михайловна,судья,7.05. 2015  № 196,Суд Витебского района ,выход в отставку
Буякевич Ирина Васильевна,судья,22.08.2018  № 348,Минский областной суд ,выход в отставку
Геращенко Надежда Алексеевна,судья,22.08.2018  № 348,Суд Минского района,по собственному желанию
Гладышева Наталья Васильевна,судья,22.08.2018  № 348,Суд Новобелицкого района г. Гомеля,выход в отставку
Дешева Валентина Анатольевна ,судья,22.08.2018  № 348,Суд Октябрьского района г. Минска,истечение срока полномочий
Домрич Тамара Тимофеевна,судья,22.08.2018  № 348,Могилевский областной суд,выход в отставку
Ермоленкова Ирина Валерьевна,судья,22.08.2018  № 348,Экономический суд г. Минска,выход в отставку
Ермолович Татьяна Евгеньевна,судья,22.08.2018  № 348,Минский городской суд,выход в отставку
Закревская Ирина Олеговна,судья,22.08.2018  № 348,Суд Октябрьского района г. Витебска,по собственному желанию
Ивличева Ирина Олеговна,судья,22.08.2018  № 348,Суд Речицкого района,"совершение проступка, несовместимого с нахождением на государственной службе"
Камушкин Андрей Михайлович,судья,22.08.2018  № 348,Суд Ленинского района г. Минска ,истечение срока полномочий
Леванчук Мария Ильинична,заместитель председателя суда,22.08.2018  № 348,Суд Московского района г. Бреста,истечение срока полномочий (оставлена в должности судьи)
Миронюк Олег Степанович,судья,22.08.2018  № 348,Суд Ленинского района г. Бреста,вступление в законную силу обвинительного приговора
Подгол Пётр Александрович,судья,22.08.2018  № 348,Суд Оршанского района и г. Орши,выход в отставку
Русак Александр Михайлович,заместитель председателя суда,22.08.2018  № 348,Суд Осиповичского района,истечение срока полномочий (оставлен в должности судьи)
Соломейчук Василий Владимирович,судья,22.08.2018  № 348,Суд Рогачевского района,выход в отставку
Чаплыгина Ирина Васильевна,судья,22.08.2018  № 348,Суд Горецкого района,выход в отставку
Шурпо Светлана Сергеевна,заместитель председателя суда,22.08.2018  № 348,Суд Речицкого района,истечение срока полномочий (оставлена в должности судьи)
Белоусов Василий Леонидович,заместитель председателя суда,02.07.2015 № 299,Гомельский областной суд,истечение срока полномочий(оставлен в должности судьи)
Жданович Игорь Николаевич,судья и председатель суда и судья,02.07.2015 № 299,экономический суд г. Минска,"совершение проступка, несовместимого с нахождением на государственной службе"
Камалыева Зинаида Михайловна,судья,02.07.2015 № 299,Гомельский областной суд,выход в отставку
Климова Татьяна Викторовна,судья,02.07.2015 № 299,суд Октябрьского района г. Гродно,выход в отставку
Клюйко Олег Владимирович,судья,02.07.2015 № 299,экономический суд г. Минска,"совершение проступка, несовместимого с нахождением на государственной службе"
Кулаковский Сергей Леонтьевич,заместитель председателя суда и судья,02.07.2015 № 299,экономический суд г. Минска,"совершение проступка, несовместимого с нахождением на государственной службе"
Полулеха Кирилл Игоревич,судья,02.07.2015 № 299,суд Советского района г. Минска,истечение срока полномочий
Попеко Людмила Михайловна,судья,02.07.2015 № 299,суд Ленинского района г. Минска,по собственному желанию
Рыбалкин Андрей Викторович,судья,02.07.2015 № 299,экономический суд г. Минска,"совершение проступка, несовместимого с нахождением на государственной службе"
Анискевич Руслан Геннадьевич,судья,15.10.2020  № 364,Верховный суд ,выход в отставку
Будник Наталья Викторовна,судья и председатель суда,15.10.2020  № 364,Суд Ляховичского района,истечение срока полномочий (оставлена в должности судьи)
Глотько Рита Иосифовна,судья и председатель суда,15.10.2020  № 364,Суд Вороновского района,истечение срока полномочий (оставлена в должности судьи)
Исаева Людмила Петровна,судья,15.10.2020  № 364,Суд Берестовицкого района,выход в отставку
Кирилович Александр Иванович,судья,15.10.2020  № 364,суд Ивацевичского района,истечение срока полномочий (оставлен в должности судьи)
Корнов Владимир Владимирович,судья,15.10.2020  № 364,Минский областной суд,выход в отставку
Кравченко Ольга Васильевна,судья,15.10.2020  № 364,Суд Московского района г. Минска,истечение срока полномочий
Кривов Андрей Валерьевич,судья,15.10.2020  № 364,Суд Столбцовского района ,по собственному желанию
Кропивко Алла Львовна,судья,15.10.2020  № 364,Минский городской суд,выход в отставку
Кулеш Виталий Эдвардович,заместитель председателя суда,15.10.2020  № 364,Гродненский областной суд,истечение срока полномочий (оставлен в должности судьи)
Левкович Алексей Михайлович,заместитель председателя суда,15.10.2020  № 364,Минский областной суд,истечение срока полномочий (оставлен в должности судьи)
Лобачевская Раиса Ивановна,судья,15.10.2020  № 364,Суд Московского района г. Бреста,выход в отставку
Малая Елена Анатольевна,судья,15.10.2020  № 364,Суд Гомельского района,по собственному желанию
Михаленко Светлана Валентиновна,судья,15.10.2020  № 364,Суд Дрогичинского района,выход в отставку
Михасева Валентина Алексеевна,судья,15.10.2020  № 364,Суд Октябрьского района г. Витебска,выход в отставку
Пацко Алексей Васильевич,судья,15.10.2020  № 364,Суд Пинского района и г. Пинска,истечение срока полномочий
Репихо Николай Викторович,судья,15.10.2020  № 364,Суд Пружанского района,выход в отставку
Степанова Наталия Викторовна,судья и председатель суда,15.10.2020  № 364,Суд Зельвенского района ,истечение срока полномочий (оставлена в должности судьи)
Степурко Владимир Михайлович,судья,15.10.2020  № 364,Минский городской суд,выход в отставку
Феоктистова Татьяна Николаевна,судья,15.10.2020  № 364,Брестский областной суд,выход в отставку
Фроленкова Лариса Андреевна,судья,15.10.2020  № 364,Минский областной суд,выход в отставку
Шумская Татьяна Ивановна,судья,15.10.2020  № 364,Суд Фрунзенского района г. Минска,выход в отставку
Щадинская Раиса Михайловна,судья,15.10.2020  № 364,Суд Оршанского района и г. Орши,выход в отставку
Южик Инесса Михайловна,судья,15.10.2020  № 364,Суд Молодечненского района,выход в отставку
Плотников Андрей Владимирович,заместитель председателя суда и судья,25.05.2017 № 185,экономический суд г. Минска,назначение на новую должность
Синкевич Ольга Николаевна,судья,25.05.2017 № 185,экономический суд г. Минска,назначение на новую должность
Буянкова Леонора Михайловна,судья,31.12.2013 № 587,Гомельский областной суд ,выход в отставку
Канцедал Наталья Викторовна,заместитель председателя суда,31.12.2013 № 587,суд Октябрьского района г. Могилева,истечение срока полномочий (оставлена в должности судьи)
Комар Александр Васильевич,судья и председатель суда и судья,31.12.2013 № 587,суд Кличевского района,"совершение проступка, несовместимого с нахождением на государственной службе"
Лецко Виталий Ксенофонтович,судья,31.12.2013 № 587,суд Ленинского района г. Гродно ,по собственному желанию
Любецкая Светлана Анатольевна,судья и председатель суда и судья,31.12.2013 № 587,суд Московского района г. Минска ,перевод на другую работу
Нестеров Валерий Григорьевич,судья,31.12.2013 № 587,суд Слуцкого района ,выход в отставку
Реутский Александр Викторович,судья,31.12.2013 № 587,суд Ленинского района г. Бреста ,выход в отставку
Рунов Геннадий Владимирович,судья,31.12.2013 № 587,Минский областной суд,выход в отставку
Сукач Владимир Васильевич,судья,31.12.2013 № 587,Верховный Суд,выход в отставку
Филатова Диана Геннадьевна,судья и председатель суда,31.12.2013 № 587,суд Стародорожского района,истечение срока полномочий (оставлена в должности судьи)
Филимонихина Лариса Яковлевна,судья,31.12.2013 № 587,Верховный Суд,выход в отставку
Шевченко Олег Иванович,судья,31.12.2013 № 587,суд Жлобинского района ,выход в отставку
Юдилевич Виктория Петровна,судья,31.12.2013 № 587,суд Борисовского района,по собственному желанию
Алисейко Ирина Александровна,судья,27.02.2018 № 88,суд Светлогорского района,выход в отставку
Андрейчук Николай Контантинович,судья и председатель суда и судья,27.02.2018 № 88,суд Брестского района,выход в отставку
Бирилло Андрей Олегович,судья,27.02.2018 № 88,суд Минского района,истечение срока полномочий
Бобков Николай Николаевич,судья,27.02.2018 № 88,Верховный суд,"совершение проступка, несовместимого с нахождением на государственной службе"
Буева Валентина Михайловна,судья,27.02.2018 № 88,Витебский областной суд,выход в отставку
Демещик Александр Викторович,судья и председатель суда и судья,27.02.2018 № 88,суд Островецкого района,по собственному желанию
Драчева Наталья Ивановна,судья,27.02.2018 № 88,суд Советского района г. Минска,по собственному желанию
Комиссаров Валерий Николаевич,судья,27.02.2018 № 88,Минский городской суд,выход в отставку
Крайников Александр Николаевич,судья,27.02.2018 № 88,суд Рогачевского района,истечение срока полномочий
Литвинюк Лариса Леонидовна,судья,27.02.2018 № 88,Суд Речицкого района,истечение срока полномочий
Лопатина Ольга Александровна,судья,27.02.2018 № 88,Суд Осиповичского района,по собственному желанию
Раткевич Александр Викторович,судья,27.02.2018 № 88,суд Островецкого района,истечение срока полномочий
Ситько Александр Михайлович,зам судья и председатель суда,27.02.2018 № 88,суд Октябрьского района г. Гродно,истечение срока полномочий (оставлен в должности судьи)
Шкель Татьяна Владимировна,судья и председатель суда,27.02.2018 № 88,суд Толочинского района,истечение срока полномочий (оставлена в должности судьи)
Астрейко Людмила Иосифовна,судья,20.08.2013 № 364,суд Солигорского района,по собственному желанию
Бандык Пётр Петрович,судья,20.08.2013 № 364,Гродненский областной суд,выход в отставку
Белянин Виктор Владимирович,судья,20.08.2013 № 364,суд Октябрьского района г. Минска ,систематические дисциплинарные нарушения
Гаврилюк Нина Ивановна,судья,20.08.2013 № 364,суд Ленинского района г. Могилева ,выход в отставку
Головенчик Снежана Анатольевна,судья,20.08.2013 № 364,суд Жлобинского района ,по собственному желанию
Грекова Валентина Михайловна,судья и председатель суда,20.08.2013 № 364,суд Октябрьского района ,истечение срока полномочий (оставлена в должности судьи)
Далинчук Светлана Фёдоровна,судья,20.08.2013 № 364,Минский областной суд,выход в отставку
Исаченко Екатерина Викторовна,судья,20.08.2013 № 364,суд Советского района г. Минска ,истечение срока полномочий
Карповская Тамара Ивановна,судья,20.08.2013 № 364,суд Бобруйского района и г. Бобруйска,выход в отставку
Кежун Алена Владимировна,судья,20.08.2013 № 364,суд Советского района г. Минска ,по собственному желанию
Ковалева Валентина Владимировна,зам судья и председатель суда,20.08.2013 № 364,суд Железнодорожного района г. Витебска ,истечение срока полномочий (оставлена в должности судьи)
Корзубова Елена Григорьевна,судья,20.08.2013 № 364,суд Фрунзенского района г. Минска ,истечение срока полномочий
Коршун Светлана Александровна,судья,20.08.2013 № 364,суд Пинского района и г. Пинска ,перевод на другую работу
Кошко Игорь Леонидович,зам судья и председатель суда,20.08.2013 № 364,суд Лидского района,по собственному желанию (оставлен в должности судьи)
Миронюк Олег Степанович,зам судья и председатель суда,20.08.2013 № 364,суд Ленинского района г. Бреста ,истечение срока полномочий (оставлен в должности судьи)
Назаренко Василий Андреевич,судья,20.08.2013 № 364,Минский городской суд,выход в отставку
Неверовский Александр Владимирович,судья,20.08.2013 № 364,Белорусский военный суд,выход в отставку
Прокопик Анатолий Михайлович,судья,20.08.2013 № 364,суд Ленинского района г. Гродно ,выход в отставку
Рубис Нина Ивановна,судья,20.08.2013 № 364,суд Могилевского района,выход в отставку
Свитык Виктория Сергеевна,судья,20.08.2013 № 364,Суд Полоцкого района и г. Полоцка ,истечение срока полномочий
Сенченко Вера Петровна,судья,20.08.2013 № 364,суд Верхнедвинского района ,выход в отставку
Скоморощенко Игорь Петрович,судья,20.08.2013 № 364,Белорусский военный суд,по собственному желанию
Слепцова Елена Алексеевна,судья,20.08.2013 № 364,суд Оршанского района и г. Орши ,истечение срока полномочий
Стефановский Игорь Эдуардович,судья,20.08.2013 № 364,Белорусский военный суд,по собственному желанию
Торопина Наталья Вячеславовна,судья,20.08.2013 № 364,суд Барановичского района и г. Барановичи,истечение срока полномочий
Туленкова Анна Михайловна,судья,20.08.2013 № 364,суд Ленинского района г. Могилева ,выход в отставку
Хаткевич Елена Владимировна,судья,20.08.2013 № 364,суд Воложинского района ,выход в отставку
Циунчик Виктор Иосифович,судья,20.08.2013 № 364,суд Вороновского района ,выход в отставку
Шупиков Андрей Валентиновича,судья,20.08.2013 № 364,Минский областной суд,выход в отставку
Авчинко Леонид Иванович,судья и председатель суда и судья,23.04.2014 № 183,суд Заводского района г. Минска ,выход в отставку
Белойчук Наталья Николаевна,судья,23.04.2014 № 183,суд Светлогорского района ,выход в отставку
Бутько Андрей Валерьевич,судья,23.04.2014 № 183,экономический суд Минской области ,истечение срока полномочий
Воробей Василий Дмитриевич,судья,23.04.2014 № 183,суд Ивацевичского района ,выход в отставку
Дмитрук Георгий Григорьевич,судья,23.04.2014 № 183,Брестский областной суд,выход в отставку
Езерская Анна Ивановна,судья,23.04.2014 № 183,суд Минского района,выход в отставку
Исаева Людмила Петровна,судья и председатель суда,23.04.2014 № 183,суд Берестовицкого района ,истечение срока полномочий (оставлена в должности судьи)
Кисмерошкина Валентина Ивановна,судья,23.04.2014 № 183,суд Первомайского района г. Витебска ,выход в отставку
Ковенко Валентина Максимовна,судья,23.04.2014 № 183,суд Брестского района ,выход в отставку
Крупенкина Евдокия Алексеевна,судья,23.04.2014 № 183,Гомельский областной суд,выход в отставку
Кутузов Андрей Викторович,судья,23.04.2014 № 183,Суд Полоцкого района и г. Полоцка,по собственному желанию
Лапина Валентина Николаевна,судья,23.04.2014 № 183,суд Солигорского района ,по собственному желанию
Литвинович Сергей Георгиевич,судья и председатель суда,23.04.2014 № 183,суд Молодечненского района ,по собственному желанию (оставлен в должности судьи)
Минец Иван Николаевич,судья,23.04.2014 № 183,Верховный суд,выход в отставку
Послед Маргарита Чеславовна,судья,23.04.2014 № 183,Верховный суд,"совершение проступка, несовместимого с нахождением на государственной службе"
Сезин Юрий Васильевич,судья,23.04.2014 № 183,суд Московского района г. Минска ,по собственному желанию
Солопан Светлана Александровна,судья,23.04.2014 № 183,суд Московского района г. Минска ,в связи с выходом на работу находившейся в социальном отпуске Кособуцкой Инны Анатольевны
Сунцова Наталия Анатольевн,судья,23.04.2014 № 183,суд Оршанского района и г. Орши,по собственному желанию
Терешков Максим Сергеевич,судья,23.04.2014 № 183,суд Центрального района г. Минска,в связи с выходом на работу находившейся в социальном отпуске Козловой Марины Владимировны
Тузов Юрий Алексеевич,заместитель председателя суда и судья,23.04.2014 № 183,Белорусский военный суд,выход в отставку
Урбан Дарья Николаевна,судья,23.04.2014 № 183,суд Октябрьского района г. Минска,истечение срока полномочий
Швец Татьяна Александровна,судья,23.04.2014 № 183,суд Центрального района г. Гомеля ,выход в отставку
Ясенович Леонид Станиславович,заместитель председателя суда и судья,23.04.2014 № 183,суд Центрального района г. Минска,выход в отставку
Бельский Василий Владимирович,судья,11.02.2015 № 53,суд Лунинецкого района,выход в отставку
Грачева Людмила Андреевна,заместитель председателя суда,11.02.2015 № 53,суд Ленинского района г. Минска,выход в отставку
Грекова Валентина Михайловна,судья,11.02.2015 № 53,суд Октябрьского района г. Минска,выход в отставку
Гринкевич Александр Антонович,судья и председатель суда и судья ,11.02.2015 № 53,Гродненский областной суд,выход в отставку
Гришукевич Марина Иванвна,судья,11.02.2015 № 53,суд Фрунзенского района г. Минска,перевод на другую работу
Далинчук Александр Сергеевич,заместитель председателя суда и судья,11.02.2015 № 53,экономический суд Минской области ,по собственному желанию
Добранов Владимир Николаевич,судья,11.02.2015 № 53,экономический суд Гродненской области,выход в отставку
Киндра Алина Фёдоровна,судья,11.02.2015 № 53,суд Сморгонского района,выход в отставку
Лобасюк Павел Александрович,судья,11.02.2015 № 53,суд Фрунзенского района г. Минска,выход в отставку
Малашенко Виктор Сергеевич,судья и председатель суда и судья,11.02.2015 № 53,суд Жлобинского района ,выход в отставку
Новицкая Надежда Фёдоровна,судья,11.02.2015 № 53,суд Ленинского района г. Минска,истечение срока полномочий
Протосовицкая Наталья Владимировна,судья,11.02.2015 № 53,суд Октябрьского района г. Минска,по собственному желанию
Стефанович Татьяна Ричиардовна,судья,11.02.2015 № 53,суд Жлобинского района ,по собственному желанию
Толстик Александр Александрович,судья ,11.02.2015 № 53,суд Ивьевского района,выход в отставку
Якубовский Эдуард Эдуардович,заместитель председателя суда и судья,11.02.2015 № 53,суд Советского района г. Минска,по собственному желанию
Абрамович Ольга Викторовна,заместитель председателя суда,25.05.2017 № 185,суд Борисовского района,истечение срока полномочий
Бабук Ольга Владимировна,заместитель председателя суда,25.05.2017 № 185,суд Пуховичского района,по собственному желанию
Горбацкий Александр Александрович,судья,25.05.2017 № 185,экономический суд Брестской области,выход в отставку
Демещенко Елена Александровна,судья и председатель суда и судья,25.05.2017 № 185,суд Дубровенского района ,выход в отставку
Ермольчик Елена Евгеньевна,заместитель председателя суда и судья,25.05.2017 № 185,суд Жлобинского района ,выход в отставку
Костогрызов Николай Евгеньевич,судья,25.05.2017 № 185,суд Ушачского района,выход в отставку
Кузнецова Наталья Анатольевна,судья,25.05.2017 № 185,суд Московского района г. Минска ,выход в отставку
Рахуба Анастасия Юрьевна,судья,25.05.2017 № 185,суд Пуховичского района,истечение срока полномочий
Ткачук Сергей Иванович,судья,25.05.2017 № 185,суд Минского района,выход в отставку
Цветков Алексей Иванович,судья,25.05.2017 № 185,экономический суд Гродненской области,выход в отставку
Чайков Александр Михайлович,судья,25.05.2017 № 185,суд Быховского района,выход в отставку
Шоломицкий Владимир Алексеевич,судья,25.05.2017 № 185,суд Брестского района,выход в отставку
Алехин Сергей Анатольевич,судья,31.07.2017 № 268,суд Мозырьского района,по собственному желанию
Глебко Татьяна Казимировна,судья,31.07.2017 № 268,суд Узденского района,выход в отставку
Зайцева Виктория Геннадьевна,судья,31.07.2017 № 268,Минский городской суд,выход в отставку
Клеймюк Юрий Евгеньевич,судья и председатель суда и судья,31.07.2017 № 268,суд Мозырьского района,выход в отставку
Курадовцев Сергей Аркадьевич,судья,31.07.2017 № 268,экономический суд г. Минска,по собственному желанию
Лукша Галина Георгиевна,судья,31.07.2017 № 268,суд Мстиславского района,выход в отставку
Матушайкес Татьяна Васильевна,судья,31.07.2017 № 268,Витебский областной суд,выход в отставку
Мешкевич Иван Иванович,судья,31.07.2017 № 268,суд Ганцевичского района,выход в отставку
Плакса Зузанна Ивановна,заместитель председателя суда и судья,31.07.2017 № 268,Суд Полоцкого района и г. Полоцка,выход в отставку
Рогачевская Анастасия Васильевна,заместитель председателя суда и судья,31.07.2017 № 268,суд Первомайского района г. Минска,по собственному желанию
Рыбакова Татьяна Александровна,судья,31.07.2017 № 268,суд Оршанского района и г. Орши,выход в отставку
Свидунович Галина Николаевна,заместитель предстедателя и судья,31.07.2017 № 268,суд Светлогорского района,выход в отставку
Тарчилина Лариса Владимировна,судья,31.07.2017 № 268,суд Советского района г. Минска,выход в отставку
Терещенко Владимир Васильевич,судья,31.07.2017 № 268,суд Фрунзенского района г. Минска,по собственному желанию
Толопило Надежда Ивановна,судья,31.07.2017 № 268,суд Шарковщинского района,выход в отставку
Юмагужин Руслан Хадыевич,судья,31.07.2017 № 268,Верховный Суд,выход в отставку
Акуленко Дмитрий Александрович,судья,21.04.2016  № 153,суд Ленинского района г. Могилева,по собственному желанию
Алехнович Наталья Васильевна,судья,21.04.2016  № 153,Минский областной суд,выход в отставку
Белорусов Владимир Николаевич,судья,21.04.2016  № 153,суд Мозырьского района,"совершение проступка, несовместимого с нахождением на государственной службе"
Ераховец Лариса Николаевна,судья,21.04.2016  № 153,суд Логойского района,по собственному желанию
Зинькевич Элла Васильевна,судья,21.04.2016  № 153,суд Советского района г. Гомеля,выход в отставку
Карпинская Татьяна Аркадьевна,судья,21.04.2016  № 153,суд Центрального района г. Минска,по собственному желанию
Кашко Михаил Михайлович,судья,21.04.2016  № 153,Верховный Суд,выход в отставку
Кеник Ксения Ивановна,судья,21.04.2016  № 153,Верховный Суд,достижение предельного возраста пребывания на государственной службе
Лупенкова Раиса Кондратьевна,судья и председатель суда и судья,21.04.2016  № 153,суд Железнодорожного района г. Витебска,выход в отставку
Мадудин Николай Дмитриевич,судья,21.04.2016  № 153,Верховный Суд,выход в отставку
Никитин Сергей Николаевич,судья,21.04.2016  № 153,экономический суд г. Минска,выход в отставку
Пуцило Владимир Григорьевич,судья,21.04.2016  № 153,Верховный Суд,по собственному желанию
Райдудин Александр Тимофеевич,судья,21.04.2016  № 153,Верховный Суд,выход в отставку
Тозик Анатолий Николаевич,заместитель председателя суда ,21.04.2016  № 153,Гомельский областной суд,истечение срока полномочий (остался в должности судьи)
Бакиновская Леонида Иосифовна,судья,14.01.2013 № 24,Верховный Суд,выход в отставку
Бельский Василий Владимирович,судья и председатель суда,14.01.2013 № 24,суд Лунинецкого района ,истечение срока полномочий (остался в должности судьи)
Войтенкова Инна Иосифовна,судья,14.01.2013 № 24,суд Пуховичского района ,истечение срока полномочий
Герасин Анатолий Александрович,судья,14.01.2013 № 24,суд,по собственному желанию
Климович Дмитрий Николаевич,судья и председатель суда и судья,14.01.2013 № 24,суд Советского района г. Минска,по собственному желанию
Комар Ольга Константиновна,судья,14.01.2013 № 24,суд Фрунзенского района г. Минска ,истечение срока полномочий
Ломако Сергей Иванович,судья и председатель суда и судья,14.01.2013 № 24,Суд Октябрьского района г. Витебска,выход в отставку
Моисеенко Юрий Евгеньевич,судья,14.01.2013 № 24,суд Ленинского района г. Могилева,по собственному желанию
Рубисов Николай Данилович,судья и председатель суда и судья,14.01.2013 № 24,суд Рогачевского района,выход в отставку
Тарчилина Лариса Владимировна,заместитель председателя суда ,14.01.2013 № 24,суд Советского района г. Минска,истечение срока полномочий (осталась в должности судьи)
Татаревич Иван Станиславович,заместитель председателя суда и судья,14.01.2013 № 24,суд Пинского района и г. Пинска ,выход в отставку
Фенченко Жанна Анатольевна,судья и председатель суда,14.01.2013 № 24,суд Россонского района,истечение срока полномочий (осталась в должности судьи)
Чижов Андрей Вячеславович,судья и председатель суда и судья,14.01.2013 № 24,Белорусский военный суд,по собственному желанию
Шевченко Елена Павловна,судья,14.01.2013 № 24,суд Минского района,по собственному желанию
Артиш Янина Станиславовна,судья и председатель суда и судья,14.03.2013 №130,суд Ивьевского района,по собственному желанию
Белойчук Наталья Николаевна,судья и председатель суда,14.03.2013 №130,суд Светлогорского района ,по собственному желанию (оставлена в должности судьи)
Валевич Любовь Александровна,судья,14.03.2013 №130,суд Ленинского района г. Минска ,по собственному желанию
Жилина Светлана Петровна,судья,14.03.2013 №130,Могилевский областной суд,выход в отставку
Жуковская Людмила Константиновна,судья,14.03.2013 №130,суд Ленинского района г. Гродно,выход в отставку
Ероховец Павел Николаевич,судья,14.03.2013 №130,суд Смолевичского района,по собственному желанию
Кравчук Анна Ивановна,судья,14.03.2013 №130,суд Пинского района и г. Пинска,выход в отставку
Ластовский Иван Стефанович,судья,14.03.2013 №130,суд Слонимского района,"в связи с выходом на работу находившейся в социальном отпуске Онуфрени Оксаны Владимировны,"
Мохань Валентина Антоновна,заместитель председателя суда ,14.03.2013 №130,суд Октябрьского района г. Гродно ,по собственному желанию (оставлена в должности судьи)
Серафимович Татьяна Владимировна,судья,14.03.2013 №130,суд Оршанского района и г. Орши,по собственному желанию
Шоломицкий Владимир Алексеевич,судья и председатель суда,14.03.2013 №130,суд Брестского района ,по собственному желанию (оставлен в должности судьи)
Шубич Екатерина Аркадьевна,судья и председатель суда,14.03.2013 №130,суд Буда-Кошелевского района,истечение срока полномочий (осталась в должности судьи)
Барановский Андрей Федорович,судья,09.03.2017 № 77,экономический суд г. Минска,по собственному желанию
Бескишкий Артём Александрович,судья,09.03.2017 № 77,суд Советского района г. Минска,по собственному желанию
Браусов Михаил Григорьевич,судья,09.03.2017 № 77,суд Кричевского района ,выход в отставку
Герменчук Николай Иванович,судья,09.03.2017 № 77,Верховный Суд,выход в отставку
Глебов Глеб Анатольевич,судья,09.03.2017 № 77,суд Минского района,"совершение проступка, несовместимого с нахождением на государственной службе"
Данченко Николай Анатольевич,судья и председатель суда и судья,09.03.2017 № 77,экономический суд Гомельской области ,выход в отставку
Дубаневич Ольга Васильевна,судья,09.03.2017 № 77,суд Советского района г. Минска,по собственному желанию
Каретникова Антонина Ивановна,судья и председатель суда и судья,09.03.2017 № 77,суд Оршанского района и г. Орши ,выход в отставку
Корень Татьяна Анатольевна,судья,09.03.2017 № 77,экономический суд Могилёвской  области ,по собственному желанию
Музыченко Антонина Анатольевна,судья и председатель суда и судья,09.03.2017 № 77,суд Лоевского района,по собственному желанию
Новикова Валентина Ивановна,судья,09.03.2017 № 77,экономический суд Гомельской области ,выход в отставку
Папеко Лидия Борисовна,заместитель председателя суда и судья,09.03.2017 № 77,суд Жлобинского района ,выход в отставку
Петрив Василий Остапович,заместитель председателя суда и судья,09.03.2017 № 77,суд Барановичского района и г. Барановичи ,выход в отставку
Подчищалова Надежда Васильевна,судья,09.03.2017 № 77,экономический суд Могилёвской  области ,выход в отставку
Сиз Николай Иванович,заместитель председателя суда и судья,09.03.2017 № 77,Брестский областной суд,выход в отставку
Стальмахова Светлана Ивановна,заместитель председателя суда и судья,09.03.2017 № 77,Могилевский областной суд ,выход в отставку
Стригалева Нина Михайловна,судья,09.03.2017 № 77,суд Борисовского района,выход в отставку
Троцюк Татьяна Ивановна,судья и председатель суда и судья,09.03.2017 № 77,суд г. Жодино ,выход в отставку
Курбацкий Дмитрий Сергеевич,судья,26.06.2014 № 297,суд Первомайского района г. Витебска ,по собственному желанию
Бровко Наталья Константиновна,судья,26.06.2014 № 297,суд Первомайского района г. Витебска ,по собственному желанию
Ананич Татьяна Геннадьевна,Судья,26.06.2014  № 297,экономический суд Могилёвской  области,выход в отставку
Боричевский Петр Васильевич,судья,26.06.2014 № 297,суд Малоритского района,выход в отставку
Грушецкий Юрий Казимирович,Судья,26.06.2014 № 297,экономический суд г. Минска,вступление в силу обвинительного приговора
Дулуб Елена Сигитасовна,Судья,26.06.2014 № 297,Верховный Суд,выход в отставку
Кацура Людмила Васильевна,Судья,26.06.2014 № 297,суд Сенненского района,выход в отставку
Кизевич Татьяна Александровна,судья,26.06.2014 № 297,экономический суд г. Минска,выход в отставку
Колесник Александр Алексеевич,судья и заместитель председателя суда,26.06.2014 № 297,Гродненский областной суд,выход в отставку
Корнева Нина Григорьевна,Судья,26.06.2014 № 297,суд Бобруйского района и г. Бобруйска,выход в отставку
Малашенок Ирина Михайловна,Судья,26.06.2014 № 297,суд Быховского района,выход в отставку
Медведь Михаил Михайлович,судья и председатель суда,26.06.2014 № 297,суд Слонимского района,выход в отставку
Мельникова Елена Игнатьевна,судья,26.06.2014 № 297,экономический суд г. Минска,вступление в силу обвинительного приговора
Новиков Владимир Михайлович,судья,26.06.2014 № 297,экономический суд Могилёвской  области,выход в отставку
Самофалов Владимир Николаевич,судья,26.06.2014 № 297,экономический суд Гомельской области,выход в отставку
Трибуцкий Николай Константинович,судья и заместитель председателя суда,26.06.2014 № 297,экономический суд Гомельской области,по собственному желанию
Хованский Александр Францевич,судья и председатель суда,26.06.2014 № 297,суд Минского района,"совершение проступка, несовместимого с нахождением на государственной службе"
Цалко Валерий Николаевич,Судья,26.06.2014 № 297,Верховный Суд,выход в отставку
Швед Светлана Михайловна,Судья,26.06.2014 № 297,экономический суд г. Минска,по собственному желанию
Шегеда Наталья Игоревна,судья,26.06.2014 № 297,суд Бобруйского района и г. Бобруйска,выход в отставку
Афонский Сергей Николаевич,зам председателя суда и судья ,15.11.2016 № 419,суд Минского района,по собственному желанию
Бирюк Зинаида Ивановна,зам председателя суда и судья,15.11.2016 № 419,Витебский областной суд,выход в отставку
Борисенко Егор Александрович,Судья,15.11.2016 № 419,суд Солигорского района,истечение срока полномочий
Веленто Валерий Иванович,Судья,15.11.2016 № 419,суд Лидского района,выход в отставку
Галынский Сергей Алексеевич,Судья,15.11.2016 № 419,суд Глусского района,истечение срока полномочий
Гаращенко Михаил Иванович,судья и председатель суда и судья,15.11.2016 № 419,суд Хойникского района,выход в отставку
Дедковская Светлана Евгеньевна,Судья,15.11.2016 № 419,Витебский областной суд,выход в отставку
Ермоленкова Леонид Федорович,Судья,15.11.2016 № 419,суд Первомайского района г. Минска,по собственному желанию
Жмейдо Виктор Семенович,Судья,15.11.2016 № 419,суд Костюковичского района,выход в отставку
Карамышев Александр Владимирович,Судья,15.11.2016 № 419,экономический суд г. Минска,выход в отставку
Костюк Роман Львович,Судья,15.11.2016 № 419,суд Октябрьского района г. Могилева,по собственному желанию
урбацкий Дмитрий Сергеевич,Судья,15.11.2016 № 419,суд Первомайского района г. Витебска,по собственному желанию
Любанец Тамара Леонидовна,судья и председатель суда и судья,15.11.2016 № 419,суд Клецкого района,выход в отставку
Мицуля Владимир Васильевич,Судья,15.11.2016 № 419,суд Калинковичского района,выход в отставку
Рудик Виктор Владимирович,Судья,15.11.2016 № 419,суд Октябрьского района г. Минска,по собственному желанию
Снарова Стефанида Романовна,Судья,15.11.2016 № 419,Витебский областной суд,выход в отставку
Такварова Ирина Александровна,Судья,15.11.2016 № 419,Гомельский областной суд,выход в отставку
Тракелевич Анна Константиновна,Судья,15.11.2016 № 419,суд Октябрьского района г. Гродно,выход в отставку
Шубич Екатерина Аркадьевна,судья,15.11.2016 № 419,суд Буда-Кошелевского района,выход в отставку
Адамович Оксана Юрьевна,судья,15.06.2020 № 213,суд Ленинского района г. Минска,истечение срока полномочий
Берёзкин Василий Михайлович,судья и председатель суда и судья,15.06.2020 № 213,суд Шарковщинского района,по собственному желанию
Борисенок Анатолий Владимирович,судья,15.06.2020 № 213,суд Партизанского района г. Минска,выход в отставку
"Бортник Валентина Никифоровна",судья,15.06.2020 № 213,суд Ленинского района г. Минска ,выход в отставку
Войтенкова Екатерина Артёмовна,судья,15.06.2020 № 213,Могилевский областной суд,выход в отставку
Галезник Александр Михайлович,судья,15.06.2020 № 213,суд Слуцкого района,выход в отставку
Горелов Николай Витальевич,заместитель председателя суда и судья,15.06.2020 № 213,суд Минского района,истечение срока полномочий
Григорович Владимир Владимирович,первый заместитель председателя суда и судья,15.06.2020 № 213,Минский городской суд,по собственному желанию
Дмитренко Григорий Иванович,судья и председатель суда и судья,15.06.2020 № 213,суд Центрального района г. Гомеля,выход в отставку
Зенько Анатолий Васильевич,судья и председатель суда ,15.06.2020 № 213,суд Воложинского района,истечение срока полномочий
Канцедал Наталья Викторовна,судья,15.06.2020 № 213,суд Октябрьского района г. Могилева,выход в отставку
Караткевич Екатерина Александровна,судья,15.06.2020 № 213,Верховный Суд Республики Беларусь,выход в отставку
Кмита Николай Алексеевич,судья и председатель суда ,15.06.2020 № 213,суд Барановичского района и г. Барановичи,истечение срока полномочий
Крылович Роман Вячеславович,судья и председатель суда ,15.06.2020 № 213,суд Дзержинского района,истечение срока полномочий
Кужелева Галина Александровна,судья и председатель суда и судья,15.06.2020 № 213,суд Ленинского района г. Могилева,выход в отставку
Купрейчик Леонид Вячеславович,судья и председатель суда и судья,15.06.2020 № 213,суд Хойникского района,по собственному желанию
Кураленко Игорь Сергеевич,судья,15.06.2020 № 213,суд Бобруйского района и г. Бобруйска,по собственному желанию
Ломаник Дмитрий Михайлович,судья,15.06.2020 № 213,экономический суд Гродненской области,выход в отставку
Малашкевич Ирина Михайловна,судья,15.06.2020 № 213,суд Рогачевского района,выход в отставку
Полякова Лариса Валентиновна,судья,15.06.2020 № 213,Гродненский областной суд,выход в отставку
Прокопчук Александр Анатольевич,судья,15.06.2020 № 213,суд Столинского района ,истечение срока полномочий
Протас Елена Сергеевна,судья,15.06.2020 № 213,суд Первомайского района г. Витебска,истечение срока полномочий
Соболева Наталья Васильевна,судья и председатель суда и судья,15.06.2020 № 213,суд Ленинского района г. Гродно,выход в отставку
Станкевич Иосиф Чеславович,судья,15.06.2020 № 213,Минский областной суд,выход в отставку
Ульский Александр Викторович,судья,15.06.2020 № 213,суд Докшицкого района,выход в отставку
Фещенко Надежда Федоровна,судья,15.06.2020 № 213,суд Лельчицкого района,выход в отставку
Фомина Наталья Семеновна,судья,15.06.2020 № 213,суд Фрунзенского района г. Минска ,выход в отставку
Шайн Елена Анатольевна,судья,15.06.2020 № 213,суд Советского района г. Гомеля,по собственному желанию
Шукайло Татьяна Александровна,судья,15.06.2020 № 213,суд Волковысского района,выход в отставку
Бондаренко Сергей Владимирович,судья,04.02.2019 N 38,Минский городской суд,по собственному желанию
Дядичкина Наталья Алексеевна,судья,04.02.2019 N 38,суд Сенненского района,по собственному желанию
Жолнерчик Любовь Васильевна,судья и председатель суда и судья,04.02.2019 N 38,суд Ленинского района г. Гродно,выход в отставку
Казакевич Виталий Григорьевич,судья и председатель суда,04.02.2019 N 38,суд Ошмянского района,истечение срока полномочий
Каропа Сергей Николаевич,судья,04.02.2019 N 38,Гомельский областной суд,выход в отставку
Крайко Валерий Петрович,судья и председатель суда и судья,04.02.2019 N 38,Минский областной суд,выход в отставку
Лучковская Елена Павловна,судья,04.02.2019 N 38,суд Чечерского района,по собственному желанию
Мелешко Александр Иванович,судья,04.02.2019 N 38,экономический суд Могилёвской  области,по собственному желанию
Навитанюк Лариса Ивановна,судья,04.02.2019 N 38,экономический суд Могилёвской  области,выход в отставку
Пискунов Виталий Викторович,судья и председатель суда и судья,04.02.2019 N 38,суд Хотимского района,по собственному желанию
Поляков Игорь Михайлович,заместитель председателя суда и судья,04.02.2019 N 38,суд Оршанского района и г. Орши,выход в отставку
Соловьева Зоя Станиславовна,судья,04.02.2019 N 38,Минский городской суд,выход в отставку
Тимошенко Петр Прохорович,заместитель председателя суда и судья,04.02.2019 N 38,суд Кобринского района,выход в отставку
Хижняк Елена Иосифовна,судья,04.02.2019 N 38,суд Новогрудского района,выход в отставку
Черношей Галина Анатольевна,судья,04.02.2019 N 38,суд Железнодорожного района г. Гомеля,выход в отставку
Шаринская Анна Николаевна,судья,04.02.2019 N 38,экономический суд Минской области,выход в отставку
Ященко Алексей Петрович,судья,04.02.2019 N 38,суд Брагинского района,по собственному желанию
Антошук Иван Маркович,зам председателя суда и судья,26.06.2014 г. № 297,суд Мозырьского района,"в связи с совершением проступка, несовместимого с нахождением на государственной службе "
Билибуха Игорь Иванович,судья и председатель суда и судья,26.06.2014 г. № 297,Брестский межгарнизонный военный суд,выход в отставку
Богуславский Виктор Валерианович,судья и председатель суда и судья,26.06.2014 г. № 297,Экономический суд Могилевской области,выход в отставку
Брагин Александр Владимирович,судья,26.06.2014 г. № 297,Экономический суд г. Минска,выход в отставку
Бровко Наталья Александровна,судья,26.06.2014 г. № 297,Суд Первомайского района г. Витебска,по собственному желанию
Власов Сергей Алексеевич,судья,26.06.2014 г. № 297,Суд Советского района г. Гомеля,по собственному желанию
Голубович Наталья Анатольевна,судья,26.06.2014 г. № 297,Экономический суд Могилевской области,по собственному желанию
Голубович Евгений Леонидович,судья,26.06.2014 г. № 297,Гродненский межгарнизонный военный суд,в связи с переводом на другую работу
Дворак Федор Константинович,судья,26.06.2014 г. № 297,Верховный суд,выход в отставку
Згоник Дмитрий Алексеевич,судья,26.06.2014 г. № 297,суд Лиозненского района ,в связи с истечением срока полномочий
Купрацевич Виктор Викторович,зам председателя суда и судья,26.06.2014 г. № 297,суд Советского района г. Гомеля,по собственному желанию
Лавкова Инна Евгеньевна,судья,26.06.2014 г. № 297,суд Советского района г. Минска,в связи с истечением срока полномочий
Лаппо Людмила Ивановна,судья,26.06.2014 г. № 297,суд Фрунзенского района г. Минска,выход в отставку
Лухверчик Елена Николаевна,судья,26.06.2014 г. № 297,суд Советского района г. Минска,в связи с систематическими дисциплинарными нарушениями
Телица Лидия Федоровна,заместитель председателя суда,26.06.2014 г. № 297,суд Московского района г. Минска,в связи с истечением срока полномочий
Трубач Раиса Владимировна,судья,26.06.2014 г. № 297,Минский областной суд,выход в отставку
Умаров Магомед Хайбулаевич,заместитель председателя суда и судья,26.06.2014 г. № 297,суд Октябрьского района г. Могилева ,в связи с вступлением в законную силу обвинительного приговора
Урбанович Татьяна Николаевна,судья,26.06.2014 г. № 297,суд Московского района г. Бреста ,в связи с истечением срока полномочий
Чертович Виктор Петрович,судья,26.06.2014 г. № 297,Верховный суд,выход в отставку
Шамехин Алексей Васильевич,судья,26.06.2014 г. № 297,Гомельский областной суд,по собственному желанию
Шевструк Сергей Владимирович,судья,26.06.2014 г. № 297,суд Советского района г. Гомеля,по собственному желанию
Федоровичев Юрий Александрович,судья,26.06.2014 г. № 297,суд Дзержинского района ,выход в отставку
Андрейчук Николай Николаевич,судья,26.06.2014 г. № 297,Брестский межгарнизонный военный суд,по причине отказа от перевода в другой суд в связи с ликвидацией суда
Карпук Андрей Юрьевич,судья,26.06.2014 г. № 297,Минский межгарнизонный военный суд,по причине отказа от перевода в другой суд в связи с ликвидацией суда
Кондратьев Сергей Вадимович,заместитель председателя суда,26.06.2014 г. № 297,Верховный суд,
Малевич Денис Анатольевич,судья,26.06.2014 г. № 297,Минский межгарнизонный военный суд,по причине отказа от перевода в другой суд в связи с ликвидацией суда
Маручек Сергей Михайлович,судья,26.06.2014 г. № 297,Брестский межгарнизонный военный суд,по причине отказа от перевода в другой суд в связи с ликвидацией суда
Подольский Василий Борисович,судья,26.06.2014 г. № 297,Бобруйский межгарнизонный военный суд,по причине отказа от перевода в другой суд в связи с ликвидацией суда
Рутковский Игорь Иванович,судья и председатель суда и судья,26.06.2014 г. № 297,Борисовский межгарнизонный военный суд,по причине отказа от перевода в другой суд в связи с ликвидацией суда
Стальчинский Александр Иванович,судья,26.06.2014 г. № 297,Бобруйский межгарнизонный военный суд,по причине отказа от перевода в другой суд в связи с ликвидацией суда
Трикоза Владислав Васильевич,судья,26.06.2014 г. № 297,Минский межгарнизонный военный суд,по причине отказа от перевода в другой суд в связи с ликвидацией суда
Филиппов Михаил Николаевич,судья,26.06.2014 г. № 297,Борисовский межгарнизонный военный суд,по причине отказа от перевода в другой суд в связи с ликвидацией суда
Царенко Александр Евгеньевич,заместитель председателя суда и судья,26.06.2014 г. № 297,Минский межгарнизонный военный суд,по причине отказа от перевода в другой суд в связи с ликвидацией суда
Абакунчик Алла Бюкбаловна,заместитель председателя суда и судья,23.10. 2014 г. № 502,суд Октябрьского района г. Минска,выход в отставку
Алексиевич Максим Александрович,судья,23.10. 2014 г. № 502,суд Первомайского района г. Минска,по собственному желанию
Вареник Наталья Семеновна,судья,23.10. 2014 г. № 502,суд Фрунзенского района г. Минска,выход в отставку
Жерносек Аннв Петровна,судья,23.10. 2014 г. № 502,суд Советского района г. Минска ,"в связи с выходом на работу находившейся в социальном отпуске Мазовки Анжелики Михайловны, судьи этого суда"
Жоров Юрий Владимирович,заместитель председателя суда и судья,23.10. 2014 г. № 502,суд Советского района г. Гомеля,в связи с вступлением в законную силу обвинительного приговора
Калюта Леонтий Иванович,судья и председатель суда и судья,23.10. 2014 г. № 502,суд Московского района г. Бреста,по собственному желанию
Климов Алексей Александрович,судья и председатель суда и судья,23.10. 2014 г. № 502,суд Кировского района ,в связи с вступлением в законную силу обвинительного приговора
Коцур Ольга Владимировна,судья,23.10. 2014 г. № 502,суд Ленинского района г. Минска ,по собственному желанию
Литовчик Анатолий Амбросьевич,судья,23.10. 2014 г. № 502,Брестский областной суд,"в связи с совершением проступка, несовместимого с нахождением на государственной службе"
Лосев Владимир Анатольевич,судья,23.10. 2014 г. № 502,суд Бобруйского района и г. Бобруйска,выход в отставку
Моисеенко Евгений Михайлович,судья,23.10. 2014 г. № 502,Могилевский областной суд,выход в отставку
Мохань Валентина Антоновна,судья,23.10. 2014 г. № 502,суд Октябрьского района г. Гродно,по собственному желанию
Пивовар Станислав Степанович,судья,23.10. 2014 г. № 502,суд Барановичского района и г. Барановичи,выход в отставку
Самолюк Валерий Иосифович,судья,23.10. 2014 г. № 502,Верховный суд,выход в отставку
Тупик Вера Михайловн,судья,23.10. 2014 г. № 502,суд Ленинского района г. Минска ,выход в отставку
Хробастов Владимир Иванович,судья,23.10. 2014 г. № 502,Минский городской суд,выход в отставку
Шемпель Елена Ивановна,судья,23.10. 2014 г. № 502,суд г. Жодино ,по собственному желанию
Юревич Лариса Леоновна,заместитель председателя суда и судья,23.10. 2014 г. № 502,суд Молодечненского района,выход в отставку
Борисенок Анатолий Владимирович,судья,15.06.2020 № 213,суд Партизанского района г. Минска,выход в отставку
Вайтехович Наталья Михайловна,судья,03.10.2019 № 366,суд Центрального района г. Минска,выход в отставку
Горбатовский Юрий Александрович,судья,31.05.2019 № 209,суд Первомайского района г. Минска,выход в отставку
Герасимович Сергей Степанович,судья,31.05.2019 № 209,суд Борисовского района,выход в отставку
Бескишкий Артем Александрович,судья,09.03.2017 № 77,суд Советского района г. Минска,по собственному желанию
Дешева Валентина Анатольевна,судья,22.08.2018 № 348,суд Октябрьского района г. Минска,в связи с истечением срока полномочий
Драчева Наталья Ивановна,судья,27.02.2018 № 88,суд Советского района г. Минска,по собственному желанию
Навроцкий Евгений Игоревич,судья,03.10.2019 № 366,суд Первомайского района г. Минска,в связи с истечением срока полномочий
Невмержицкий Иван Николаевич,судья,06.02.2020 № 41,суд Партизанского района г. Минска,в связи с истечением срока полномочий
Шейко Инна Валерьевна,судья,03.10.2019 № 366,суд Дзержинского района,в связи с истечением срока полномочий
Сушко Максим Иванович,судья,31.05.2019 № 209,суд Московского района г. Минска,в связи с истечением срока полномочий
Семенов Виталий Сергеевич,судья,03.10.2019 № 366,суд Московского района г. Минска,по собственному желанию
Трапук Станислав Павлович,председатель суда,19.11.2012 № 525,суд Глубокского района,в связи с истечением срока полномочий
Федорова Марина Аркадьевна,заместитель председателя суда,08.09.2011 № 404,суд Советского района г. Минска,в связи с истечением срока полномочий
Костян Иван Игнатович,судья,24.12.2020 № 487,суд Центрального района г. Минска,по собственному желанию
